book_id,book_name,book_month,book_year,book_number
UDB00101,UDB-001-1305-06-01-01-MAGH.pdf,magh,1305,1
UDB00102,UDB-001-1305-06-01-02-MAGH.pdf,magh,1305,2
UDB00103,UDB-001-1305-06-01-03-FALGOON.pdf,falgoon,1305,3
UDB00104,UDB-001-1305-06-01-04-FALGOON.pdf,falgoon,1305,4
UDB00105,UDB-001-1305-06-01-05-CHAITRA.pdf,chaitra,1305,5
UDB00106,UDB-001-1305-06-01-06-CHAITRA.pdf,chaitra,1305,6
UDB00107,UDB-001-1305-06-01-07-BAISHAKH.pdf,baishakh,1306,7
UDB00108,UDB-001-1305-06-01-08-BAISHAKH.pdf,baishakh,1306,8
UDB00109,UDB-001-1305-06-01-09-JAISTHA.pdf,jaistha,1306,9
UDB00110,UDB-001-1305-06-01-10-JAISTHA.pdf,jaistha,1306,10
UDB00111,UDB-001-1305-06-01-11-ASHAR.pdf,ashar,1306,11
UDB00112,UDB-001-1305-06-01-12-ASHAR.pdf,ashar,1306,12
UDB00113,UDB-001-1305-06-01-13-SRABON.pdf,srabon,1306,13
UDB00114,UDB-001-1305-06-01-14-SRABON.pdf,srabon,1306,14
UDB00115,UDB-001-1305-06-01-15-VADRO.pdf,vadro,1306,15
UDB00116,UDB-001-1305-06-01-16-VADRO.pdf,vadro,1306,16
UDB00117,UDB-001-1305-06-01-17-ashyeen.pdf,ashyeen,1306,17
UDB00118,UDB-001-1305-06-01-18-ashyeen.pdf,ashyeen,1306,18
UDB00119,UDB-001-1305-06-01-19-karttik.pdf,karttik,1306,19
UDB00120,UDB-001-1305-06-01-20-karttik.pdf,karttik,1306,20
UDB00121,UDB-001-1305-06-01-21-Agrohawan.pdf,agrohawan,1306,21
UDB00122,UDB-001-1305-06-01-22-Agrohawan.pdf,agrohawan,1306,22
UDB00123,UDB-001-1305-06-01-23-Poush.pdf,poush,1306,23
UDB00124,UDB-001-1305-06-01-24-Poush.pdf,poush,1306,24
UDB00201,UDB-002-1306-7-02-01-Magh.pdf,magh,1306,1
UDB00202,UDB-002-1306-7-02-02-Magh.pdf,magh,1306,2
UDB00203,UDB-002-1306-7-02-03-Falgoon.pdf,falgoon,1306,3
UDB00204,UDB-002-1306-7-02-04-Falgoon.pdf,falgoon,1306,4
UDB00205,UDB-002-1306-7-02-05-Chaitra.pdf,chaitra,1306,5
UDB00206,UDB-002-1306-7-02-06-Chaitra.pdf,chaitra,1306,6
UDB00207,UDB-002-1306-7-02-07-Baishakh.pdf,baishakh,1307,7
UDB00208,UDB-002-1306-7-02-08-Baishakh.pdf,baishakh,1307,8
UDB00209,UDB-002-1306-7-02-09-ashar.pdf,ashar,1307,9
UDB00210,UDB-002-1306-7-02-10-ashar.pdf,ashar,1307,10
UDB00211,UDB-002-1306-7-02-11-srabon.pdf,srabon,1307,11
UDB00212,UDB-002-1306-7-02-12-srabon.pdf,srabon,1307,12
UDB00213,UDB-002-1306-7-02-13-vadro.pdf,vadro,1307,13
UDB00214,UDB-002-1306-7-02-14-vadro.pdf,vadro,1307,14
UDB00215,UDB-002-1306-7-02-15-Ashyeen.pdf,ashyeen,1307,15
UDB00216,UDB-002-1306-7-02-16-Ashyeen.pdf,ashyeen,1307,16
UDB00217,UDB-002-1306-7-02-17-Karttik.pdf,karttik,1307,17
UDB00218,UDB-002-1306-7-02-18-Karttik.pdf,karttik,1307,18
UDB00219,UDB-002-1306-7-02-19-Agrohawan.pdf,agrohawan,1307,19
UDB00220,UDB-002-1306-7-02-20-Agrohawan.pdf,agrohawan,1307,20
UDB00221,UDB-002-1306-7-02-21-Poush.pdf,poush,1307,21
UDB00222,UDB-002-1306-7-02-22-Poush.pdf,poush,1307,22
UDB00301,UDB-003-1307-8-03-01-Magh.pdf,magh,1307,1
UDB00302,UDB-003-1307-8-03-02-Magh.pdf,magh,1307,2
UDB00303,UDB-003-1307-8-03-03-Falgoon.pdf,falgoon,1307,3
UDB00304,UDB-003-1307-8-03-04-Falgoon.pdf,falgoon,1307,4
UDB00305,UDB-003-1307-8-03-05-Chaitra.pdf,chaitra,1307,5
UDB00306,UDB-003-1307-8-03-06-Chaitra.pdf,chaitra,1307,6
UDB00307,UDB-003-1307-8-03-07-Baishakh.pdf,baishakh,1308,7
UDB00308,UDB-003-1307-8-03-08-Baishakh.pdf,baishakh,1308,8
UDB00309,UDB-003-1307-8-03-09-ashar.pdf,ashar,1308,9
UDB00310,UDB-003-1307-8-03-10-ashar.pdf,ashar,1308,10
UDB00311,UDB-003-1307-8-03-11-srabon.pdf,srabon,1308,11
UDB00312,UDB-003-1307-8-03-12-srabon.pdf,srabon,1308,12
UDB00313,UDB-003-1307-8-03-13-vadro.pdf,vadro,1308,13
UDB00314,UDB-003-1307-8-03-14-vadro.pdf,vadro,1308,14
UDB00315,UDB-003-1307-8-03-15-Ashyeen.pdf,ashyeen,1308,15
UDB00316,UDB-003-1307-8-03-16-Ashyeen.pdf,ashyeen,1308,16
UDB00317,UDB-003-1307-8-03-17-Karttik.pdf,karttik,1308,17
UDB00318,UDB-003-1307-8-03-18-Karttik.pdf,karttik,1308,18
UDB00319,UDB-003-1307-8-03-19-Agrohawan.pdf,agrohawan,1308,19
UDB00320,UDB-003-1307-8-03-20-Agrohawan.pdf,agrohawan,1308,20
UDB00321,UDB-003-1307-8-03-21-Poush.pdf,poush,1308,21
UDB00322,UDB-003-1307-8-03-22-Poush.pdf,poush,1308,22
UDB00401,UDB-004-1308-9-04-01-Magh.pdf,magh,1308,1
UDB00402,UDB-004-1308-9-04-02-Magh.pdf,magh,1308,2
UDB00403,UDB-004-1308-9-04-03-Falgoon.pdf,falgoon,1308,3
UDB00404,UDB-004-1308-9-04-04-Falgoon.pdf,falgoon,1308,4
UDB00405,UDB-004-1308-9-04-05-Chaitra.pdf,chaitra,1308,5
UDB00406,UDB-004-1308-9-04-06-Chaitra.pdf,chaitra,1308,6
UDB00407,UDB-004-1308-9-04-07-Baishakh.pdf,baishakh,1309,7
UDB00408,UDB-004-1308-9-04-08-Baishakh.pdf,baishakh,1309,8
UDB00409,UDB-004-1308-9-04-09-Ashar.pdf,ashar,1309,9
UDB00410,UDB-004-1308-9-04-10-Ashar.pdf,ashar,1309,10
UDB00411,UDB-004-1308-9-04-11-Srabon.pdf,srabon,1309,11
UDB00412,UDB-004-1308-9-04-12-Srabon.pdf,srabon,1309,12
UDB00413,UDB-004-1308-9-04-13-Vadra.pdf,vadra,1309,13
UDB00414,UDB-004-1308-9-04-14-Vadra.pdf,vadra,1309,14
UDB00415,UDB-004-1308-9-04-15-Ashyeen.pdf,ashyeen,1309,15
UDB00416,UDB-004-1308-9-04-16-Ashyeen.pdf,ashyeen,1309,16
UDB00417,UDB-004-1308-9-04-17-Karttik.pdf,karttik,1309,17
UDB00418,UDB-004-1308-9-04-18-Karttik.pdf,karttik,1309,18
UDB00419,UDB-004-1308-9-04-19-Agrohawan.pdf,agrohawan,1309,19
UDB00420,UDB-004-1308-9-04-20-Agrohawan.pdf,agrohawan,1309,20
UDB00421,UDB-004-1308-9-04-21-Poush.pdf,poush,1309,21
UDB00422,UDB-004-1308-9-04-22-Poush.pdf,poush,1309,22
UDB00501,UDB-005-1309-10-05-01-Magh.pdf,magh,1309,1
UDB00502,UDB-005-1309-10-05-02-Magh.pdf,magh,1309,2
UDB00503,UDB-005-1309-10-05-03-Falgoon.pdf,falgoon,1309,3
UDB00504,UDB-005-1309-10-05-04-Falgoon.pdf,falgoon,1309,4
UDB00505,UDB-005-1309-10-05-05-Chaitra.pdf,chaitra,1309,5
UDB00506,UDB-005-1309-10-05-06-Chaitra.pdf,chaitra,1309,6
UDB00507,UDB-005-1309-10-05-07-Baishakh.pdf,baishakh,1310,7
UDB00508,UDB-005-1309-10-05-08-Baishakh.pdf,baishakh,1310,8
UDB00509,UDB-005-1309-10-05-09-Ashar.pdf,ashar,1310,9
UDB00510,UDB-005-1309-10-05-10-Ashar.pdf,ashar,1310,10
UDB00511,UDB-005-1309-10-05-11-Srabon.pdf,srabon,1310,11
UDB00512,UDB-005-1309-10-05-12-Srabon.pdf,srabon,1310,12
UDB00513,UDB-005-1309-10-05-13-Vadra.pdf,vadra,1310,13
UDB00514,UDB-005-1309-10-05-14-Vadra.pdf,vadra,1310,14
UDB00515,UDB-005-1309-10-05-15-Ashyeen.pdf,ashyeen,1310,15
UDB00516,UDB-005-1309-10-05-16-Ashyeen.pdf,ashyeen,1310,16
UDB00517,UDB-005-1309-10-05-17-Karttik.pdf,karttik,1310,17
UDB00518,UDB-005-1309-10-05-18-Karttik.pdf,karttik,1310,18
UDB00519,UDB-005-1309-10-05-19-Agrohawan.pdf,agrohawan,1310,19
UDB00520,UDB-005-1309-10-05-20-Agrohawan.pdf,agrohawan,1310,20
UDB00521,UDB-005-1309-10-05-21-Poush.pdf,poush,1310,21
UDB00522,UDB-005-1309-10-05-22-Poush.pdf,poush,1310,22
UDB00601,UDB-006-1310-11-06-01-Magh.pdf,magh,1310,1
UDB00602,UDB-006-1310-11-06-02-Magh.pdf,magh,1310,2
UDB00603,UDB-006-1310-11-06-03-Falgoon.pdf,falgoon,1310,3
UDB00604,UDB-006-1310-11-06-04-Falgoon.pdf,falgoon,1310,4
UDB00605,UDB-006-1310-11-06-05-Chaitra.pdf,chaitra,1310,5
UDB00606,UDB-006-1310-11-06-06-Chaitra.pdf,chaitra,1310,6
UDB00607,UDB-006-1310-11-06-07-Baishakh.pdf,baishakh,1311,7
UDB00608,UDB-006-1310-11-06-08-Baishakh.pdf,baishakh,1311,8
UDB00609,UDB-006-1310-11-06-09-Jaishtho.pdf,jaishtho,1311,9
UDB00610,UDB-006-1310-11-06-10-Jaishtho.pdf,jaishtho,1311,10
UDB00611,UDB-006-1310-11-06-11-Ashar.pdf,ashar,1311,11
UDB00612,UDB-006-1310-11-06-12-Ashar.pdf,ashar,1311,12
UDB00613,UDB-006-1310-11-06-13-Srabon.pdf,srabon,1311,13
UDB00614,UDB-006-1310-11-06-14-Srabon.pdf,srabon,1311,14
UDB00615,UDB-006-1310-11-06-15-Vadra.pdf,vadra,1311,15
UDB00616,UDB-006-1310-11-06-16-Ashyeen.pdf,ashyeen,1311,16
UDB00617,UDB-006-1310-11-06-17-Ashyeen.pdf,ashyeen,1311,17
UDB00618,UDB-006-1310-11-06-18-Karttik.pdf,karttik,1311,18
UDB00619,UDB-006-1310-11-06-19-Agrohawan.pdf,agrohawan,1311,19
UDB00620,UDB-006-1310-11-06-20-Agrohawan.pdf,agrohawan,1311,20
UDB00621,UDB-006-1310-11-06-21-Poush.pdf,poush,1311,21
UDB00622,UDB-006-1310-11-06-22-Poush.pdf,poush,1311,22
UDB00701,UDB-007-1311-12-07-01-Magh.pdf,magh,1311,1
UDB00702,UDB-007-1311-12-07-02-Magh.pdf,magh,1311,2
UDB00703,UDB-007-1311-12-07-03-Falgoon.pdf,falgoon,1311,3
UDB00704,UDB-007-1311-12-07-04-Falgoon.pdf,falgoon,1311,4
UDB00705,UDB-007-1311-12-07-05-Chaitra.pdf,chaitra,1311,5
UDB00706,UDB-007-1311-12-07-06-Baishakh.pdf,baishakh,1312,6
UDB00707,UDB-007-1311-12-07-07-Baishakh.pdf,baishakh,1312,7
UDB00708,UDB-007-1311-12-07-08-Jaishtho.pdf,jaishtho,1312,8
UDB00709,UDB-007-1311-12-07-09-Jaishtho.pdf,jaishtho,1312,9
UDB00710,UDB-007-1311-12-07-10-Ashar.pdf,ashar,1312,10
UDB00711,UDB-007-1311-12-07-11-Ashar.pdf,ashar,1312,11
UDB00712,UDB-007-1311-12-07-12-Srabon.pdf,srabon,1312,12
UDB00713,UDB-007-1311-12-07-13-Srabon.pdf,srabon,1312,13
UDB00714,UDB-007-1311-12-07-14-Vadra.pdf,vadra,1312,14
UDB00715,UDB-007-1311-12-07-15-Vadra.pdf,vadra,1312,15
UDB00716,UDB-007-1311-12-07-16-Ashyeen.pdf,ashyeen,1312,16
UDB00717,UDB-007-1311-12-07-17-Karttik.pdf,karttik,1312,17
UDB00718,UDB-007-1311-12-07-18-Karttik.pdf,karttik,1312,18
UDB00719,UDB-007-1311-12-07-19-Agrohawan.pdf,agrohawan,1312,19
UDB00720,UDB-007-1311-12-07-20-Agrohawan.pdf,agrohawan,1312,20
UDB00721,UDB-007-1311-12-07-21-Poush.pdf,poush,1312,21
UDB00722,UDB-007-1311-12-07-22-Poush.pdf,poush,1312,22
UDB00801,UDB-008-1312-13-08-01-Magh.pdf,magh,1312,1
UDB00802,UDB-008-1312-13-08-02-Magh.pdf,magh,1312,2
UDB00803,UDB-008-1312-13-08-03-Falgoon.pdf,falgoon,1312,3
UDB00804,UDB-008-1312-13-08-04-Falgoon.pdf,falgoon,1312,4
UDB00805,UDB-008-1312-13-08-05-Chaitra.pdf,chaitra,1312,5
UDB00806,UDB-008-1312-13-08-06-Chaitra.pdf,chaitra,1312,6
UDB00807,UDB-008-1312-13-08-07-Baishakh.pdf,baishakh,1313,7
UDB00808,UDB-008-1312-13-08-08-Baishakh.pdf,baishakh,1313,8
UDB00809,UDB-008-1312-13-08-09-Jaishtho.pdf,jaishtho,1313,9
UDB00810,UDB-008-1312-13-08-10-Ashar.pdf,ashar,1313,10
UDB00811,UDB-008-1312-13-08-11-Ashar.pdf,ashar,1313,11
UDB00812,UDB-008-1312-13-08-12-Srabon.pdf,srabon,1313,12
UDB00813,UDB-008-1312-13-08-13-Srabon.pdf,srabon,1313,13
UDB00814,UDB-008-1312-13-08-14-Vadra.pdf,vadra,1313,14
UDB00815,UDB-008-1312-13-08-15-Vadra.pdf,vadra,1313,15
UDB00816,UDB-008-1312-13-08-16-Ashyeen.pdf,ashyeen,1313,16
UDB00817,UDB-008-1312-13-08-17-Karttik.pdf,karttik,1313,17
UDB00818,UDB-008-1312-13-08-18-Karttik.pdf,karttik,1313,18
UDB00819,UDB-008-1312-13-08-19-Agrohawan.pdf,agrohawan,1313,19
UDB00820,UDB-008-1312-13-08-20-Agrohawan.pdf,agrohawan,1313,20
UDB00821,UDB-008-1312-13-08-21-Poush.pdf,poush,1313,21
UDB00822,UDB-008-1312-13-08-22-Poush.pdf,poush,1313,22
UDB00901,UDB-009-1313-14-09-01-Magh.pdf,magh,1313,1
UDB00902,UDB-009-1313-14-09-02-Magh.pdf,magh,1313,2
UDB00903,UDB-009-1313-14-09-03-Falgoon.pdf,falgoon,1313,3
UDB00904,UDB-009-1313-14-09-04-Falgoon.pdf,falgoon,1313,4
UDB00905,UDB-009-1313-14-09-05-Chaitra.pdf,chaitra,1313,5
UDB00906,UDB-009-1313-14-09-06-Baishakh.pdf,baishakh,1314,6
UDB00907,UDB-009-1313-14-09-07-Baishakh.pdf,baishakh,1314,7
UDB00908,UDB-009-1313-14-09-08-Jaishtho.pdf,jaishtho,1314,8
UDB00909,UDB-009-1313-14-09-09-Jaishtho.pdf,jaishtho,1314,9
UDB00910,UDB-009-1313-14-09-10-Ashar.pdf,ashar,1314,10
UDB00911,UDB-009-1313-14-09-11-Ashar.pdf,ashar,1314,11
UDB00912,UDB-009-1313-14-09-12-Srabon.pdf,srabon,1314,12
UDB00913,UDB-009-1313-14-09-13-Srabon.pdf,srabon,1314,13
UDB00914,UDB-009-1313-14-09-14-Vadra.pdf,vadra,1314,14
UDB00915,UDB-009-1313-14-09-15-Vadra.pdf,vadra,1314,15
UDB00916,UDB-009-1313-14-09-16-Ashyeen.pdf,ashyeen,1314,16
UDB00917,UDB-009-1313-14-09-17-Ashyeen.pdf,ashyeen,1314,17
UDB00918,UDB-009-1313-14-09-18-Karttik.pdf,karttik,1314,18
UDB00919,UDB-009-1313-14-09-19-Agrohawan.pdf,agrohawan,1314,19
UDB00920,UDB-009-1313-14-09-20-Agrohawan.pdf,agrohawan,1314,20
UDB00921,UDB-009-1313-14-09-21-Poush.pdf,poush,1314,21
UDB00922,UDB-009-1313-14-09-22-Poush.pdf,poush,1314,22
UDB01001,UDB-010-1314-15-10-01-Magh.pdf,magh,1314,1
UDB01002,UDB-010-1314-15-10-02-Falgoon.pdf,falgoon,1314,2
UDB01003,UDB-010-1314-15-10-03-Chaitra.pdf,chaitra,1314,3
UDB01004,UDB-010-1314-15-10-04-Baishakh.pdf,baishakh,1315,4
UDB01005,UDB-010-1314-15-10-05-Jaishtho.pdf,jaishtho,1315,5
UDB01006,UDB-010-1314-15-10-06-Ashar.pdf,ashar,1315,6
UDB01007,UDB-010-1314-15-10-07-Srabon.pdf,srabon,1315,7
UDB01008,UDB-010-1314-15-10-08-Vadra.pdf,vadra,1315,8
UDB01009,UDB-010-1314-15-10-09-Ashyeen.pdf,ashyeen,1315,9
UDB01010,UDB-010-1314-15-10-10-Karttik.pdf,karttik,1315,10
UDB01011,UDB-010-1314-15-10-11-Agrohawan.pdf,agrohawan,1315,11
UDB01012,UDB-010-1314-15-10-12-Poush.pdf,poush,1315,12
UDB01101,UDB-011-1315-16-11-01-Magh.pdf,magh,1315,1
UDB01102,UDB-011-1315-16-11-02-Falgoon.pdf,falgoon,1315,2
UDB01103,UDB-011-1315-16-11-03-Chaitra.pdf,chaitra,1315,3
UDB01104,UDB-011-1315-16-11-04-Baishakh.pdf,baishakh,1316,4
UDB01105,UDB-011-1315-16-11-05-Jaishtho.pdf,jaishtho,1316,5
UDB01106,UDB-011-1315-16-11-06-Ashar.pdf,ashar,1316,6
UDB01107,UDB-011-1315-16-11-07-Srabon.pdf,srabon,1316,7
UDB01108,UDB-011-1315-16-11-08-Vadro.pdf,vadro,1316,8
UDB01109,UDB-011-1315-16-11-09-Ashyeen.pdf,ashyeen,1316,9
UDB01110,UDB-011-1315-16-11-10-Karttik.pdf,karttik,1316,10
UDB01111,UDB-011-1315-16-11-11-Agrohawan.pdf,agrohawan,1316,11
UDB01112,UDB-011-1315-16-11-12-Poush.pdf,poush,1316,12
UDB01201,UDB-012-1316-17-12-01-Magh.pdf,magh,1316,1
UDB01202,UDB-012-1316-17-12-02-Falgoon.pdf,falgoon,1316,2
UDB01203,UDB-012-1316-17-12-03-Chaitra.pdf,chaitra,1316,3
UDB01204,UDB-012-1316-17-12-04-Baishakh.pdf,baishakh,1317,4
UDB01205,UDB-012-1316-17-12-05-Jaishtho.pdf,jaishtho,1317,5
UDB01206,UDB-012-1316-17-12-06-Ashar.pdf,ashar,1317,6
UDB01207,UDB-012-1316-17-12-07-Srabon.pdf,srabon,1317,7
UDB01208,UDB-012-1316-17-12-08-Vadra.pdf,vadra,1317,8
UDB01209,UDB-012-1316-17-12-09-Ashyeen.pdf,ashyeen,1317,9
UDB01210,UDB-012-1316-17-12-10-Karttik.pdf,karttik,1317,10
UDB01211,UDB-012-1316-17-12-11-Agrohawan.pdf,agrohawan,1317,11
UDB01212,UDB-012-1316-17-12-12-Poush.pdf,poush,1317,12
UDB01301,UDB-013-1317-18-13-01-Magh.pdf,magh,1317,1
UDB01302,UDB-013-1317-18-13-02-Falgoon.pdf,falgoon,1317,2
UDB01303,UDB-013-1317-18-13-03-Chaitra.pdf,chaitra,1317,3
UDB01304,UDB-013-1317-18-13-04-05-Boishakh-Joishtho.pdf,boishakh,1318,4
UDB01305,UDB-013-1317-18-13-04-05-Boishakh-Joishtho.pdf,joishtho,1318,5
UDB01306,UDB-013-1317-18-13-06-Ashar.pdf,ashar,1318,6
UDB01307,UDB-013-1317-18-13-07-Srabon.pdf,srabon,1318,7
UDB01308,UDB-013-1317-18-13-08-Vadro.pdf,vadro,1318,8
UDB01309,UDB-013-1317-18-13-09-Ashyeen.pdf,ashyeen,1318,9
UDB01310,UDB-013-1317-18-13-10-Karttik.pdf,karttik,1318,10
UDB01311,UDB-013-1317-18-13-11-Agrohawan.pdf,agrohawan,1318,11
UDB01312,UDB-013-1317-18-13-12-Poush.pdf,poush,1318,12
UDB01401,UDB-014-1318-19-14-01-Magh.pdf,magh,1318,1
UDB01402,UDB-014-1318-19-14-02-Falgoon.pdf,falgoon,1318,2
UDB01403,UDB-014-1318-19-14-03-Chaitra.pdf,chaitra,1318,3
UDB01404,UDB-014-1318-19-14-04-Boishakh.pdf,boishakh,1319,4
UDB01405,UDB-014-1318-19-14-05-Joishtho.pdf,joishtho,1319,5
UDB01406,UDB-014-1318-19-14-06-Ashar.pdf,ashar,1319,6
UDB01407,UDB-014-1318-19-14-07-Srabon.pdf,srabon,1319,7
UDB01408,UDB-014-1318-19-14-08-Vadro.pdf,vadro,1319,8
UDB01409,UDB-014-1318-19-14-09-ashyeen.pdf,ashyeen,1319,9
UDB01410,UDB-014-1318-19-14-10-Karttik.pdf,karttik,1319,10
UDB01411,UDB-014-1318-19-14-11-Agrohawan.pdf,agrohawan,1319,11
UDB01412,UDB-014-1318-19-14-12-Poush.pdf,poush,1319,12
UDB01501,UDB-015-1319-20-15-01-MAGH.pdf,magh,1319,1
UDB01502,UDB-015-1319-20-15-02-FALGOON.pdf,falgoon,1319,2
UDB01503,UDB-015-1319-20-15-03-CHAITRA.pdf,chaitra,1319,3
UDB01504,UDB-015-1319-20-15-04-BOISHAKH.pdf,boishakh,1320,4
UDB01505,UDB-015-1319-20-15-05-JOISTHO.pdf,joistho,1320,5
UDB01506,UDB-015-1319-20-15-06-ASHAR.pdf,ashar,1320,6
UDB01507,UDB-015-1319-20-15-07-SRABON.pdf,srabon,1320,7
UDB01508,UDB-015-1319-20-15-08-VADRO.pdf,vadro,1320,8
UDB01509,UDB-015-1319-20-15-09-ASHYEEN.pdf,ashyeen,1320,9
UDB01510,UDB-015-1319-20-15-10-KARTTIK.pdf,karttik,1320,10
UDB01511,UDB-015-1319-20-15-11-AGROHAWAN.pdf,agrohawan,1320,11
UDB01512,UDB-015-1319-20-15-12-POUSH.pdf,poush,1320,12
UDB01601,UDB-016-1320-01-Magh.pdf,magh,1320,1
UDB01602,UDB-016-1320-02-falgoon.pdf,falgoon,1320,2
UDB01603,UDB-016-1320-03-Chaitra.pdf,chaitra,1320,3
UDB01604,UDB-016-1321-04-Boishakh.pdf,boishakh,1321,4
UDB01605,UDB-016-1321-05-Joishtho.pdf,joishtho,1321,5
UDB01606,UDB-016-1321-06-Ashar.pdf,ashar,1321,6
UDB01607,UDB-016-1321-07-Srabon.pdf,srabon,1321,7
UDB01608,UDB-016-1321-08-Vadro.pdf,vadro,1321,8
UDB01609,UDB-016-1321-09-Ashyeen.pdf,ashyeen,1321,9
UDB01610,UDB-016-1321-10-Karttik.pdf,karttik,1321,10
UDB01611,UDB-016-1321-11-Agrohawan.pdf,agrohawan,1321,11
UDB01612,UDB-016-1321-12-Poush.pdf,poush,1321,12
UDB01701,UDB-017-1320-21-01-Magh.pdf,magh,1321,1
UDB01702,UDB-017-1320-21-02-Falgoon.pdf,falgoon,1321,2
UDB01703,UDB-017-1320-21-03-Chaitra.pdf,chaitra,1321,3
UDB01704,UDB-017-1320-21-04-Boishakh.pdf,boishakh,1322,4
UDB01705,UDB-017-1320-21-05-Joishtho.pdf,joishtho,1322,5
UDB01706,UDB-017-1320-21-06-Ashar.pdf,ashar,1322,6
UDB01707,UDB-017-1320-21-07-Srabon.pdf,srabon,1322,7
UDB01708,UDB-017-1320-21-08-Vadro.pdf,vadro,1322,8
UDB01709,UDB-017-1320-21-09-Ashyeen.pdf,ashyeen,1322,9
UDB01710,UDB-017-1320-21-10-Karttik.pdf,karttik,1322,10
UDB01711,UDB-017-1320-21-11-Agrohawan.pdf,agrohawan,1322,11
UDB01712,UDB-017-1320-21-12-Poush.pdf,poush,1322,12
UDB01801,UDB-018-1322-23-18-01-MAGH.pdf,magh,1322,1
UDB01802,UDB-018-1322-23-18-02-FALGOON.pdf,falgoon,1322,2
UDB01803,UDB-018-1322-23-18-03-CHAITRA.pdf,chaitra,1322,3
UDB01804,UDB-018-1322-23-18-04-BOISHAKH.pdf,boishakh,1323,4
UDB01805,UDB-018-1322-23-18-05-JOISTHO.pdf,joistho,1323,5
UDB01806,UDB-018-1322-23-18-06-ASHAR.pdf,ashar,1323,6
UDB01807,UDB-018-1322-23-18-07-SRABON.pdf,srabon,1323,7
UDB01808,UDB-018-1322-23-18-08-VADRO.pdf,vadro,1323,8
UDB01809,UDB-018-1322-23-18-09-ASHYEEN.pdf,ashyeen,1323,9
UDB01810,UDB-018-1322-23-18-10-KARTTIK.pdf,karttik,1323,10
UDB01811,UDB-018-1322-23-18-11-AGROHAWAN.pdf,agrohawan,1323,11
UDB01812,UDB-018-1322-23-18-12-POUSH.pdf,poush,1323,12
UDB01901,UDB-019-1323-24-19-01-MAGH.pdf,magh,1323,1
UDB01902,UDB-019-1323-24-19-02-FALGOON.pdf,falgoon,1323,2
UDB01903,UDB-019-1323-24-19-03-CHAITRA.pdf,chaitra,1323,3
UDB01904,UDB-019-1323-24-19-04-BOISHAKH.pdf,boishakh,1324,4
UDB01905,UDB-019-1323-24-19-05-JOISTHO.pdf,joistho,1324,5
UDB01906,UDB-019-1323-24-19-06-ASHAR.pdf,ashar,1324,6
UDB01907,UDB-019-1323-24-19-07-SRABON.pdf,srabon,1324,7
UDB01908,UDB-019-1323-24-19-08-VADRO.pdf,vadro,1324,8
UDB01909,UDB-019-1323-24-19-09-ASHYEEN.pdf,ashyeen,1324,9
UDB01910,UDB-019-1323-24-19-10-KARTTIK.pdf,karttik,1324,10
UDB01911,UDB-019-1323-24-19-11-AGROHAWAN.pdf,agrohawan,1324,11
UDB01912,UDB-019-1323-24-19-12-POUSH.pdf,poush,1324,12
UDB02001,UDB-020-1324-25-20-01-MAGH.pdf,magh,1324,1
UDB02002,UDB-020-1324-25-20-02-FALGOON.pdf,falgoon,1324,2
UDB02003,UDB-020-1324-25-20-03-CHAITRA.pdf,chaitra,1324,3
UDB02004,UDB-020-1324-25-20-04-BAISHAKH.pdf,baishakh,1325,4
UDB02005,UDB-020-1324-25-20-05-JAISTHA.pdf,jaistha,1325,5
UDB02006,UDB-020-1324-25-20-06-ASHAR.pdf,ashar,1325,6
UDB02007,UDB-020-1324-25-20-07-SRABON.pdf,srabon,1325,7
UDB02008,UDB-020-1324-25-20-08-VADRO.pdf,vadro,1325,8
UDB02009,UDB-020-1324-25-20-09-ASHYEEN.pdf,ashyeen,1325,9
UDB02010,UDB-020-1324-25-20-10-KARTTIK.pdf,karttik,1325,10
UDB02011,UDB-020-1324-25-20-11-AGROHAWAN.pdf,agrohawan,1325,11
UDB02012,UDB-020-1324-25-20-12-POUSH.pdf,poush,1325,12
UDB02101,UDB-021-1325-26-01-Magh.pdf,magh,1325,1
UDB02102,UDB-021-1325-26-02-Falgoon.pdf,falgoon,1325,2
UDB02103,UDB-021-1325-26-03-Chaitra.pdf,chaitra,1325,3
UDB02104,UDB-021-1325-26-04-Boishakh.pdf,boishakh,1326,4
UDB02105,UDB-021-1325-26-05-Joishtha.pdf,joishtha,1326,5
UDB02106,UDB-021-1325-26-06-Ashar.pdf,ashar,1326,6
UDB02107,UDB-021-1325-26-07-Srabon.pdf,srabon,1326,7
UDB02108,UDB-021-1325-26-08-Vadro.pdf,vadro,1326,8
UDB02109,UDB-021-1325-26-09-Ashyeen.pdf,ashyeen,1326,9
UDB02110,UDB-021-1325-26-10-Kartik.pdf,kartik,1326,10
UDB02111,UDB-021-1325-26-11-Agrahawan.pdf,agrahawan,1326,11
UDB02112,UDB-021-1325-26-12-Poush.pdf,poush,1326,12
UDB02201,UDB-022-1326-27-01-Magh.pdf,magh,1326,1
UDB02202,UDB-022-1326-27-02-Falgoon.pdf,falgoon,1326,2
UDB02203,UDB-022-1326-27-03-Chaitra.pdf,chaitra,1326,3
UDB02204,UDB-022-1326-27-04-Boishakh.pdf,boishakh,1327,4
UDB02205,UDB-022-1326-27-05-Joishtha.pdf,joishtha,1327,5
UDB02206,UDB-022-1326-27-06-Ashar.pdf,ashar,1327,6
UDB02207,UDB-022-1326-27-07-Srabon.pdf,srabon,1327,7
UDB02208,UDB-022-1326-27-08-Vadro.pdf,vadro,1327,8
UDB02209,UDB-022-1326-27-09-Ashyeen.pdf,ashyeen,1327,9
UDB02210,UDB-022-1326-27-10-Kartik.pdf,kartik,1327,10
UDB02211,UDB-022-1326-27-11-Agrahwan.pdf,agrahwan,1327,11
UDB02212,UDB-022-1326-27-12-Poush.pdf,poush,1327,12
UDB02301,UDB-023-1327-28-23-01-MAGH.pdf,magh,1327,1
UDB02302,UDB-023-1327-28-23-02-FALGOON.pdf,falgoon,1327,2
UDB02303,UDB-023-1327-28-23-03-CHAITRA.pdf,chaitra,1327,3
UDB02304,UDB-023-1327-28-23-04-BAISHAKH.pdf,baishakh,1328,4
UDB02305,UDB-023-1327-28-23-05-JAISHTHA.pdf,jaishtha,1328,5
UDB02306,UDB-023-1327-28-23-06-ASHAR.pdf,ashar,1328,6
UDB02307,UDB-023-1327-28-23-07-SRABON.pdf,srabon,1328,7
UDB02308,UDB-023-1327-28-23-08-VADRO.pdf,vadro,1328,8
UDB02309,UDB-023-1327-28-23-09-ASHYEEN.pdf,ashyeen,1328,9
UDB02310,UDB-023-1327-28-23-10-KARTIKK.pdf,kartikk,1328,10
UDB02311,UDB-023-1327-28-23-11-AGROHAWAN.pdf,agrohawan,1328,11
UDB02312,UDB-023-1327-28-23-12-POUSH.pdf,poush,1328,12
UDB02401,UDB-024-1328-29-24-01-MAGH.pdf,magh,1328,1
UDB02402,UDB-024-1328-29-24-02-FALGOON.pdf,falgoon,1328,2
UDB02403,UDB-024-1328-29-24-03-CHAITRA.pdf,chaitra,1328,3
UDB02404,UDB-024-1328-29-24-04-BAISHAKH.pdf,baishakh,1329,4
UDB02405,UDB-024-1328-29-24-05-JAISTHA.pdf,jaistha,1329,5
UDB02406,UDB-024-1328-29-24-06-ASHAR.pdf,ashar,1329,6
UDB02407,UDB-024-1328-29-24-07-SRABON.pdf,srabon,1329,7
UDB02408,UDB-024-1328-29-24-08-VADRO.pdf,vadro,1329,8
UDB02409,UDB-024-1328-29-24-09-ASHYEEN.pdf,ashyeen,1329,9
UDB02410,UDB-024-1328-29-24-010-KARTIKK.pdf,kartikk,1329,10
UDB02411,UDB-024-1328-29-24-011-AGROHAWAN.pdf,agrohawan,1329,11
UDB02412,UDB-024-1328-29-24-012-POUSH.pdf,poush,1329,12
UDB02501,UDB-025-1329-30-25-01-MAGH.pdf,magh,1329,1
UDB02502,UDB-025-1329-30-25-02-FALGOON.pdf,falgoon,1329,2
UDB02503,UDB-025-1329-30-25-03-CHAITRA.pdf,chaitra,1329,3
UDB02504,UDB-025-1329-30-25-04-BAISHAKH.pdf,baishakh,1330,4
UDB02505,UDB-025-1329-30-25-05-JAISTHA.pdf,jaistha,1330,5
UDB02506,UDB-025-1329-30-25-06-ASHAR.pdf,ashar,1330,6
UDB02507,UDB-025-1329-30-25-07-SRABON.pdf,srabon,1330,7
UDB02508,UDB-025-1329-30-25-08-VADRO.pdf,vadro,1330,8
UDB02509,UDB-025-1329-30-25-09-ASHYEEN.pdf,ashyeen,1330,9
UDB02510,UDB-025-1329-30-25-010-KARTIKK.pdf,kartikk,1330,10
UDB02511,UDB-025-1329-30-25-011-AGROHAWAN.pdf,agrohawan,1330,11
UDB02512,UDB-025-1329-30-25-012-POUSH.pdf,poush,1330,12